<?xml version="1.0" encoding="UTF-8" ?>
<!DOCTYPE mapper
        PUBLIC "-//mybatis.org//DTD Mapper 3.0//EN"
        "http://mybatis.org/dtd/mybatis-3-mapper.dtd">
<mapper namespace="com.example.mapper.UserMapper">

    <!-- 查询所有用户 -->
    <select id="findAll" resultType="com.example.model.User">
        SELECT * FROM users
    </select>

    <!-- 动态 SQL 查询 -->
    <select id="findByConditions" parameterType="com.example.model.User" resultType="com.example.model.User">
        SELECT * FROM users
        <where>
            <if test="name != null and name != ''">
                AND name = #{name}
            </if>
            <if test="email != null and email != ''">
                AND email = #{email}
            </if>
        </where>
    </select>

    <!-- 批量删除 -->
    <delete id="deleteByIds" parameterType="int[]">
        DELETE FROM users
        WHERE id IN
        <foreach item="id" collection="array" open="(" separator="," close=")">
            #{id}
        </foreach>
    </delete>

</mapper>